{"cameraMode":{"drawMode":0,"name":"Shaded","section":"Shading Mode"},"sceneLighting":false,"audioPlay":false,"sceneViewState":{"m_AlwaysRefresh":false,"showFog":true,"showSkybox":false,"showFlares":true,"showImageEffects":true,"showParticleSystems":true,"showVisualEffectGraphs":true,"m_FxEnabled":true},"in2DMode":false,"pivot":{"x":0.31964343786239626,"y":1.4547133445739747,"z":0.9767927527427673},"rotation":{"x":0.12444210797548294,"y":-0.026791619136929513,"z":0.003363184630870819,"w":0.9918755292892456},"size":0.7432963252067566,"orthographic":false}