{"cameraMode":{"drawMode":0,"name":"Shaded","section":"Shading Mode"},"sceneLighting":false,"audioPlay":false,"sceneViewState":{"m_AlwaysRefresh":false,"showFog":true,"showSkybox":false,"showFlares":true,"showImageEffects":true,"showParticleSystems":true,"showVisualEffectGraphs":true,"m_FxEnabled":true},"in2DMode":false,"pivot":{"x":-0.24889719486236573,"y":0.9997216463088989,"z":0.23700940608978272},"rotation":{"x":-0.22043246030807496,"y":0.7149068117141724,"z":-0.25763583183288576,"w":-0.6116201281547546},"size":1.2247449159622193,"orthographic":false}