{"cameraMode":{"drawMode":0,"name":"Shaded","section":"Shading Mode"},"sceneLighting":true,"audioPlay":false,"sceneViewState":{"m_AlwaysRefresh":false,"showFog":true,"showSkybox":false,"showFlares":true,"showImageEffects":true,"showParticleSystems":true,"showVisualEffectGraphs":true,"m_FxEnabled":true},"in2DMode":false,"pivot":{"x":2.7121713161468508,"y":40.14085388183594,"z":18.655406951904298},"rotation":{"x":-0.0013182838447391987,"y":-0.9965988397598267,"z":0.08180347084999085,"w":-0.016468871384859086},"size":0.015495743602514267,"orthographic":false}