{"cameraMode":{"drawMode":0,"name":"Shaded","section":"Shading Mode"},"sceneLighting":false,"audioPlay":false,"sceneViewState":{"m_AlwaysRefresh":false,"showFog":true,"showSkybox":false,"showFlares":true,"showImageEffects":true,"showParticleSystems":true,"showVisualEffectGraphs":true,"m_FxEnabled":true},"in2DMode":false,"pivot":{"x":-1.2461910247802735,"y":1.3720442056655884,"z":-3.7930500507354738},"rotation":{"x":-0.3255329728126526,"y":-0.18500789999961854,"z":0.06510819494724274,"w":-0.9249798059463501},"size":0.8660253882408142,"orthographic":false}