{"cameraMode":{"drawMode":0,"name":"Shaded","section":"Shading Mode"},"sceneLighting":false,"audioPlay":false,"sceneViewState":{"m_AlwaysRefresh":false,"showFog":true,"showSkybox":false,"showFlares":true,"showImageEffects":true,"showParticleSystems":true,"showVisualEffectGraphs":true,"m_FxEnabled":true},"in2DMode":false,"pivot":{"x":0.670025110244751,"y":1.9019434452056885,"z":0.21485978364944459},"rotation":{"x":-0.03213177248835564,"y":0.6975046992301941,"z":-0.0318249836564064,"w":-0.7154534459114075},"size":0.5055750608444214,"orthographic":false}